timestamp,stock,bid_price,ask_price
2019-02-10 10:07:43.237974,ABC,117.38
2019-02-10 10:07:43.237974,DEF,116.505
2019-02-11 18:12:31.763344,ABC,117.38
2019-02-11 18:12:31.763344,DEF,116.505
2019-02-13 00:41:03.061658,ABC,117.38
2019-02-13 00:41:03.061658,DEF,116.505
2019-02-13 19:37:03.654348,ABC,117.38
2019-02-13 19:37:03.654348,DEF,116.325
2019-02-14 08:26:51.287677,ABC,117.38
2019-02-14 08:26:51.287677,DEF,116.325
2019-02-14 22:54:17.994967,ABC,117.38
2019-02-14 22:54:17.994967,DEF,116.325
2019-02-15 19:51:35.120133,ABC,117.38
2019-02-15 19:51:35.120133,DEF,116.325
2019-02-17 02:30:47.122289,ABC,117.38
2019-02-17 02:30:47.122289,DEF,116.325
2019-02-17 19:35:22.154753,ABC,117.38
2019-02-17 19:35:22.154753,DEF,116.325
2019-02-18 12:30:42.187256,ABC,117.38
2019-02-18 12:30:42.187256,DEF,115.595
2019-02-19 17:08:20.400814,ABC,117.38
2019-02-19 17:08:20.400814,DEF,115.595
2019-02-20 21:26:54.664490,ABC,116.04499999999999
2019-02-20 21:26:54.664490,DEF,115.595
2019-02-21 12:31:57.442982,ABC,116.04499999999999
2019-02-21 12:31:57.442982,DEF,115.595
2019-02-22 01:35:01.655558,ABC,116.04499999999999
2019-02-22 01:35:01.655558,DEF,115.595
2019-02-23 06:36:37.717586,ABC,116.04499999999999
2019-02-23 06:36:37.717586,DEF,115.595
2019-02-24 13:43:36.615682,ABC,116.04499999999999
2019-02-24 13:43:36.615682,DEF,115.595
2019-02-25 04:54:36.476134,ABC,116.04499999999999
2019-02-25 04:54:36.476134,DEF,115.595
2019-02-25 20:06:18.131320,ABC,116.04499999999999
2019-02-25 20:06:18.131320,DEF,115.595
2019-02-27 03:31:20.961622,ABC,114.25
2019-02-27 03:31:20.961622,DEF,115.595
2019-02-27 23:09:41.106498,ABC,114.25
2019-02-27 23:09:41.106498,DEF,115.595
2019-02-28 21:40:40.238896,ABC,114.25
2019-02-28 21:40:40.238896,DEF,115.595
2019-03-02 01:55:48.640233,ABC,114.25
2019-03-02 01:55:48.640233,DEF,112.035
2019-03-03 00:10:38.079285,ABC,114.25
2019-03-03 00:10:38.079285,DEF,112.035
2019-03-03 18:30:47.050607,ABC,112.915
2019-03-03 18:30:47.050607,DEF,112.035
2019-03-04 09:05:05.419473,ABC,112.915
2019-03-04 09:05:05.419473,DEF,112.035
2019-03-05 17:49:40.846183,ABC,112.915
2019-03-05 17:49:40.846183,DEF,112.035
2019-03-06 06:40:35.041441,ABC,112.33
2019-03-06 06:40:35.041441,DEF,112.035
2019-03-07 13:59:29.291951,ABC,111.96000000000001
2019-03-07 13:59:29.291951,DEF,112.035
2019-03-08 23:35:56.746472,ABC,111.96000000000001
2019-03-08 23:35:56.746472,DEF,112.035
2019-03-10 03:38:27.596382,ABC,111.445
2019-03-10 03:38:27.596382,DEF,112.035
2019-03-11 10:23:52.781283,ABC,110.755
2019-03-11 10:23:52.781283,DEF,112.035
2019-03-12 14:15:55.227949,ABC,110.755
2019-03-12 14:15:55.227949,DEF,112.035
2019-03-13 07:01:35.342559,ABC,110.755
2019-03-13 07:01:35.342559,DEF,112.035
2019-03-14 01:16:06.136558,ABC,110.755
2019-03-14 01:16:06.136558,DEF,112.035
2019-03-14 21:42:08.012696,ABC,110.31
2019-03-14 21:42:08.012696,DEF,112.035
2019-03-16 02:08:37.533436,ABC,110.31
2019-03-16 02:08:37.533436,DEF,112.035
2019-03-16 23:04:36.166315,ABC,110.31
2019-03-16 23:04:36.166315,DEF,112.035
2019-03-17 18:31:27.760441,ABC,109.735
2019-03-17 18:31:27.760441,DEF,111.98500000000001
2019-03-18 12:38:13.606208,ABC,109.735
2019-03-18 12:38:13.606208,DEF,111.98500000000001
2019-03-19 22:22:54.040153,ABC,109.735
2019-03-19 22:22:54.040153,DEF,111.98500000000001
2019-03-20 23:02:25.850131,ABC,110.945
2019-03-20 23:02:25.850131,DEF,111.98500000000001
2019-03-21 20:36:35.476887,ABC,110.945
2019-03-21 20:36:35.476887,DEF,111.98500000000001
2019-03-22 09:43:03.471379,ABC,110.945
2019-03-22 09:43:03.471379,DEF,111.98500000000001
2019-03-23 09:34:49.336990,ABC,110.945
2019-03-23 09:34:49.336990,DEF,111.98500000000001
2019-03-23 22:04:26.812142,ABC,110.945
2019-03-23 22:04:26.812142,DEF,111.98500000000001
2019-03-25 00:39:53.320423,ABC,110.945
2019-03-25 00:39:53.320423,DEF,111.98500000000001
2019-03-26 06:01:58.895705,ABC,110.945
2019-03-26 06:01:58.895705,DEF,111.98500000000001
2019-03-27 09:06:46.537723,ABC,110.945
2019-03-27 09:06:46.537723,DEF,111.98500000000001
2019-03-28 13:44:48.249941,ABC,110.945
2019-03-28 13:44:48.249941,DEF,111.98500000000001
2019-03-29 14:08:02.247788,ABC,110.945
2019-03-29 14:08:02.247788,DEF,111.98500000000001
2019-03-30 04:50:16.044901,ABC,110.945
2019-03-30 04:50:16.044901,DEF,111.98500000000001
2019-03-31 11:58:15.666679,ABC,110.945
2019-03-31 11:58:15.666679,DEF,111.98500000000001
2019-04-01 11:55:24.073957,ABC,110.945
2019-04-01 11:55:24.073957,DEF,111.98500000000001
2019-04-02 04:53:05.228984,ABC,110.945
2019-04-02 04:53:05.228984,DEF,111.98500000000001
2019-04-02 20:23:26.130366,ABC,110.945
2019-04-02 20:23:26.130366,DEF,111.98500000000001
2019-04-03 15:50:09.987424,ABC,110.945
2019-04-03 15:50:09.987424,DEF,111.98500000000001
2019-04-04 12:52:41.254838,ABC,110.945
2019-04-04 12:52:41.254838,DEF,111.98500000000001
2019-04-05 16:38:39.023546,ABC,110.945
2019-04-05 16:38:39.023546,DEF,111.98500000000001
2019-04-06 12:41:48.755998,ABC,110.945
2019-04-06 12:41:48.755998,DEF,111.98500000000001
2019-04-07 04:20:47.537559,ABC,112.155
2019-04-07 04:20:47.537559,DEF,111.98500000000001
2019-04-08 11:05:03.621711,ABC,112.155
2019-04-08 11:05:03.621711,DEF,111.98500000000001
2019-04-09 13:01:42.296983,ABC,112.155
2019-04-09 13:01:42.296983,DEF,111.98500000000001
2019-04-10 21:05:44.760840,ABC,112.155
2019-04-10 21:05:44.760840,DEF,111.98500000000001
2019-04-12 04:17:26.274648,ABC,112.305
2019-04-12 04:17:26.274648,DEF,111.98500000000001
2019-04-13 08:44:06.013282,ABC,112.305
2019-04-13 08:44:06.013282,DEF,111.98500000000001
2019-04-14 05:28:33.151392,ABC,112.305
2019-04-14 05:28:33.151392,DEF,111.28
2019-04-15 09:42:14.426547,ABC,112.305
2019-04-15 09:42:14.426547,DEF,111.28
2019-04-16 02:27:16.101261,ABC,112.305
2019-04-16 02:27:16.101261,DEF,111.28
2019-04-16 19:15:07.422371,ABC,114.33500000000001
2019-04-16 19:15:07.422371,DEF,111.28
2019-04-17 11:13:25.432400,ABC,114.33500000000001
2019-04-17 11:13:25.432400,DEF,111.28
2019-04-18 00:07:04.768087,ABC,114.33500000000001
2019-04-18 00:07:04.768087,DEF,111.56
2019-04-18 21:21:52.963034,ABC,114.33500000000001
2019-04-18 21:21:52.963034,DEF,111.56
2019-04-19 17:55:29.018736,ABC,114.33500000000001
2019-04-19 17:55:29.018736,DEF,111.69999999999999
2019-04-21 01:55:03.472619,ABC,114.33500000000001
2019-04-21 01:55:03.472619,DEF,111.69999999999999
2019-04-22 04:35:30.585456,ABC,114.33500000000001
2019-04-22 04:35:30.585456,DEF,114.39
2019-04-23 02:28:45.618826,ABC,114.33500000000001
2019-04-23 02:28:45.618826,DEF,114.39
2019-04-23 22:37:20.868606,ABC,114.33500000000001
2019-04-23 22:37:20.868606,DEF,114.66499999999999
2019-04-25 08:37:18.347364,ABC,114.33500000000001
2019-04-25 08:37:18.347364,DEF,114.66499999999999
2019-04-26 09:57:36.379367,ABC,114.33500000000001
2019-04-26 09:57:36.379367,DEF,114.66499999999999
2019-04-27 03:58:31.643303,ABC,114.88
2019-04-27 03:58:31.643303,DEF,114.66499999999999
2019-04-28 15:42:01.718765,ABC,114.91
2019-04-28 15:42:01.718765,DEF,114.66499999999999
2019-04-29 13:53:43.470320,ABC,114.91
2019-04-29 13:53:43.470320,DEF,114.66499999999999
2019-04-30 17:16:37.357174,ABC,114.91
2019-04-30 17:16:37.357174,DEF,114.66499999999999
2019-05-01 18:09:26.412464,ABC,114.91
2019-05-01 18:09:26.412464,DEF,114.66499999999999
2019-05-02 12:55:21.152408,ABC,114.91
2019-05-02 12:55:21.152408,DEF,114.66499999999999
2019-05-03 03:27:00.683917,ABC,114.91
2019-05-03 03:27:00.683917,DEF,114.66499999999999
2019-05-04 09:54:42.317726,ABC,114.91
2019-05-04 09:54:42.317726,DEF,114.66499999999999
2019-05-04 22:13:42.320289,ABC,114.76
2019-05-04 22:13:42.320289,DEF,114.66499999999999
2019-05-06 08:39:32.855590,ABC,114.76
2019-05-06 08:39:32.855590,DEF,114.66499999999999
2019-05-07 04:58:20.385951,ABC,114.76
2019-05-07 04:58:20.385951,DEF,115.245
2019-05-07 22:01:00.410529,ABC,114.965
2019-05-07 22:01:00.410529,DEF,115.88
2019-05-08 17:41:21.773503,ABC,114.965
2019-05-08 17:41:21.773503,DEF,115.88
2019-05-09 06:42:58.665282,ABC,114.965
2019-05-09 06:42:58.665282,DEF,115.88
2019-05-10 17:25:40.463745,ABC,115.84
2019-05-10 17:25:40.463745,DEF,115.88
2019-05-11 11:27:20.728437,ABC,115.84
2019-05-11 11:27:20.728437,DEF,115.88
2019-05-11 23:28:50.041898,ABC,116.935
2019-05-11 23:28:50.041898,DEF,115.88
2019-05-13 04:54:35.255504,ABC,116.935
2019-05-13 04:54:35.255504,DEF,115.88
2019-05-14 02:47:45.243607,ABC,116.935
2019-05-14 02:47:45.243607,DEF,115.88
2019-05-14 23:36:31.044770,ABC,117.565
2019-05-14 23:36:31.044770,DEF,115.97
2019-05-15 21:31:00.475836,ABC,117.565
2019-05-15 21:31:00.475836,DEF,115.97
2019-05-16 10:57:03.222613,ABC,117.825
2019-05-16 10:57:03.222613,DEF,115.97
2019-05-17 22:38:44.203711,ABC,117.825
2019-05-17 22:38:44.203711,DEF,115.97
2019-05-18 20:14:43.073412,ABC,117.825
2019-05-18 20:14:43.073412,DEF,115.97
2019-05-19 22:05:06.307934,ABC,117.825
2019-05-19 22:05:06.307934,DEF,115.97
2019-05-20 11:07:09.737387,ABC,118.45
2019-05-20 11:07:09.737387,DEF,116.58500000000001
2019-05-21 15:30:13.809274,ABC,118.45
2019-05-21 15:30:13.809274,DEF,116.58500000000001
2019-05-22 06:30:16.274013,ABC,118.45
2019-05-22 06:30:16.274013,DEF,116.58500000000001
2019-05-23 01:03:01.019365,ABC,118.45
2019-05-23 01:03:01.019365,DEF,117.37
2019-05-24 03:20:49.396787,ABC,118.45
2019-05-24 03:20:49.396787,DEF,118.89500000000001
2019-05-25 14:44:36.205029,ABC,118.45
2019-05-25 14:44:36.205029,DEF,118.89500000000001
2019-05-26 03:51:11.892198,ABC,118.9
2019-05-26 03:51:11.892198,DEF,118.89500000000001
2019-05-26 15:59:10.752224,ABC,118.9
2019-05-26 15:59:10.752224,DEF,118.89500000000001
2019-05-27 18:17:22.506216,ABC,118.9
2019-05-27 18:17:22.506216,DEF,121.935
2019-05-29 03:56:36.961704,ABC,118.9
2019-05-29 03:56:36.961704,DEF,122.11
2019-05-29 23:39:55.619075,ABC,119.195
2019-05-29 23:39:55.619075,DEF,122.08
2019-05-31 04:44:25.669327,ABC,119.205
2019-05-31 04:44:25.669327,DEF,122.08
2019-06-01 09:31:01.535043,ABC,119.205
2019-06-01 09:31:01.535043,DEF,122.08
2019-06-01 23:20:02.748345,ABC,119.205
2019-06-01 23:20:02.748345,DEF,122.08
2019-06-03 06:03:02.129228,ABC,121.285
2019-06-03 06:03:02.129228,DEF,122.32
2019-06-04 06:48:54.131871,ABC,121.285
2019-06-04 06:48:54.131871,DEF,122.32
2019-06-05 18:16:13.667974,ABC,121.285
2019-06-05 18:16:13.667974,DEF,122.32
2019-06-06 15:55:40.360587,ABC,121.285
2019-06-06 15:55:40.360587,DEF,123.45
2019-06-07 04:46:10.130650,ABC,121.285
2019-06-07 04:46:10.130650,DEF,123.45
2019-06-07 22:23:38.414203,ABC,120.86500000000001
2019-06-07 22:23:38.414203,DEF,123.45
2019-06-09 07:38:03.278759,ABC,120.86500000000001
2019-06-09 07:38:03.278759,DEF,123.45
2019-06-10 17:55:51.136003,ABC,122.42
2019-06-10 17:55:51.136003,DEF,123.59
2019-06-11 15:36:36.077084,ABC,122.42
2019-06-11 15:36:36.077084,DEF,123.59
2019-06-12 05:12:22.008019,ABC,122.42
2019-06-12 05:12:22.008019,DEF,123.77000000000001
2019-06-12 17:23:28.290442,ABC,122.42
2019-06-12 17:23:28.290442,DEF,123.77000000000001
2019-06-14 04:26:29.074847,ABC,121.28999999999999
2019-06-14 04:26:29.074847,DEF,123.77000000000001
2019-06-15 14:22:10.678774,ABC,121.28999999999999
2019-06-15 14:22:10.678774,DEF,123.77000000000001
2019-06-16 08:47:49.614759,ABC,123.755
2019-06-16 08:47:49.614759,DEF,127.91499999999999
2019-06-17 06:08:15.942386,ABC,123.755
2019-06-17 06:08:15.942386,DEF,127.91499999999999
2019-06-18 17:41:56.239316,ABC,123.755
2019-06-18 17:41:56.239316,DEF,127.985
2019-06-19 13:56:40.309747,ABC,123.755
2019-06-19 13:56:40.309747,DEF,127.985
2019-06-20 17:06:17.933853,ABC,123.755
2019-06-20 17:06:17.933853,DEF,127.985
2019-06-22 01:35:13.509672,ABC,123.755
2019-06-22 01:35:13.509672,DEF,127.985
2019-06-23 06:46:16.944986,ABC,123.755
2019-06-23 06:46:16.944986,DEF,128.07
2019-06-24 04:25:32.950446,ABC,123.92500000000001
2019-06-24 04:25:32.950446,DEF,127.985
2019-06-25 07:19:55.681960,ABC,123.92500000000001
2019-06-25 07:19:55.681960,DEF,127.985
2019-06-26 03:16:48.667914,ABC,123.92500000000001
2019-06-26 03:16:48.667914,DEF,130.265
2019-06-27 12:13:43.187161,ABC,122.005
2019-06-27 12:13:43.187161,DEF,130.265
2019-06-28 22:29:06.771417,ABC,124.73
2019-06-28 22:29:06.771417,DEF,130.265
2019-06-29 13:37:36.835703,ABC,127.645
2019-06-29 13:37:36.835703,DEF,130.265
2019-06-30 14:07:19.603768,ABC,127.645
2019-06-30 14:07:19.603768,DEF,130.265
2019-07-01 09:01:54.181301,ABC,127.645
2019-07-01 09:01:54.181301,DEF,130.265
2019-07-02 01:35:36.426830,ABC,127.645
2019-07-02 01:35:36.426830,DEF,130.265
2019-07-03 00:12:03.547053,ABC,127.645
2019-07-03 00:12:03.547053,DEF,130.265
2019-07-03 18:43:52.573942,ABC,127.645
2019-07-03 18:43:52.573942,DEF,130.265
2019-07-04 17:19:04.291722,ABC,127.645
2019-07-04 17:19:04.291722,DEF,130.265
2019-07-05 07:52:01.660000,ABC,127.645
2019-07-05 07:52:01.660000,DEF,130.265
2019-07-06 11:34:27.159495,ABC,127.645
2019-07-06 11:34:27.159495,DEF,131.31
2019-07-07 02:45:38.691866,ABC,127.645
2019-07-07 02:45:38.691866,DEF,131.31
2019-07-08 12:17:08.159629,ABC,135.18
2019-07-08 12:17:08.159629,DEF,132.58499999999998
2019-07-09 04:59:29.551436,ABC,136.57
2019-07-09 04:59:29.551436,DEF,132.58499999999998
2019-07-10 16:56:23.927825,ABC,136.64
2019-07-10 16:56:23.927825,DEF,132.58499999999998
2019-07-11 13:05:39.316353,ABC,136.64
2019-07-11 13:05:39.316353,DEF,132.58499999999998
2019-07-12 09:38:52.645459,ABC,136.64
2019-07-12 09:38:52.645459,DEF,134.825
2019-07-13 09:02:36.194082,ABC,136.64
2019-07-13 09:02:36.194082,DEF,132.89499999999998
2019-07-14 02:19:04.248606,ABC,138.35000000000002
2019-07-14 02:19:04.248606,DEF,132.89499999999998
2019-07-15 00:22:36.272503,ABC,138.35000000000002
2019-07-15 00:22:36.272503,DEF,132.89499999999998
2019-07-16 00:23:28.846209,ABC,138.35000000000002
2019-07-16 00:23:28.846209,DEF,132.89499999999998
2019-07-16 14:40:44.616201,ABC,138.35000000000002
2019-07-16 14:40:44.616201,DEF,135.935
2019-07-17 21:29:47.581678,ABC,138.35000000000002
2019-07-17 21:29:47.581678,DEF,132.94
2019-07-19 03:59:26.479899,ABC,138.35000000000002
2019-07-19 03:59:26.479899,DEF,132.94
2019-07-20 01:37:46.304516,ABC,141.11
2019-07-20 01:37:46.304516,DEF,132.94
2019-07-21 04:03:38.750854,ABC,141.11
2019-07-21 04:03:38.750854,DEF,132.94
2019-07-22 03:54:18.111829,ABC,141.11
2019-07-22 03:54:18.111829,DEF,132.94
2019-07-23 07:02:47.671106,ABC,141.11
2019-07-23 07:02:47.671106,DEF,132.94
2019-07-24 04:47:37.355947,ABC,141.11
2019-07-24 04:47:37.355947,DEF,136.29500000000002
2019-07-25 16:13:09.593154,ABC,141.11
2019-07-25 16:13:09.593154,DEF,138.45499999999998
2019-07-27 03:29:20.181943,ABC,141.11
2019-07-27 03:29:20.181943,DEF,140.98
2019-07-28 10:42:55.073195,ABC,141.11
2019-07-28 10:42:55.073195,DEF,140.98
2019-07-29 18:59:56.438486,ABC,141.11
2019-07-29 18:59:56.438486,DEF,141.76999999999998
2019-07-30 07:30:49.755254,ABC,141.11
2019-07-30 07:30:49.755254,DEF,142.49
2019-07-31 03:50:18.416632,ABC,141.11
2019-07-31 03:50:18.416632,DEF,143.51
2019-07-31 22:31:28.042738,ABC,141.94
2019-07-31 22:31:28.042738,DEF,143.51
2019-08-01 15:07:28.285327,ABC,141.94
2019-08-01 15:07:28.285327,DEF,143.51
2019-08-02 05:50:43.865510,ABC,141.94
2019-08-02 05:50:43.865510,DEF,143.51
2019-08-03 03:04:13.115818,ABC,142.81
2019-08-03 03:04:13.115818,DEF,143.38
2019-08-04 06:59:41.946799,ABC,142.81
2019-08-04 06:59:41.946799,DEF,143.38
2019-08-04 19:10:11.773469,ABC,142.81
2019-08-04 19:10:11.773469,DEF,143.38
2019-08-06 03:03:58.960013,ABC,142.81
2019-08-06 03:03:58.960013,DEF,143.38
2019-08-07 10:05:15.184090,ABC,142.81
2019-08-07 10:05:15.184090,DEF,143.785
2019-08-08 14:38:26.590661,ABC,142.81
2019-08-08 14:38:26.590661,DEF,145.20499999999998
2019-08-09 05:58:10.065983,ABC,145.45999999999998
2019-08-09 05:58:10.065983,DEF,145.20499999999998
2019-08-10 16:34:14.522054,ABC,145.665
2019-08-10 16:34:14.522054,DEF,145.20499999999998
2019-08-12 02:07:20.473439,ABC,145.665
2019-08-12 02:07:20.473439,DEF,145.20499999999998
2019-08-12 16:34:53.398896,ABC,145.665
2019-08-12 16:34:53.398896,DEF,145.20499999999998
2019-08-14 03:12:21.014012,ABC,145.665
2019-08-14 03:12:21.014012,DEF,145.20499999999998
2019-08-15 09:05:12.063866,ABC,145.665
2019-08-15 09:05:12.063866,DEF,145.20499999999998
2019-08-16 15:25:15.691706,ABC,145.665
2019-08-16 15:25:15.691706,DEF,145.20499999999998
2019-08-17 11:33:16.927968,ABC,145.665
2019-08-17 11:33:16.927968,DEF,145.20499999999998
2019-08-18 06:44:08.171191,ABC,145.665
2019-08-18 06:44:08.171191,DEF,145.20499999999998
2019-08-19 00:26:56.076273,ABC,144.915
2019-08-19 00:26:56.076273,DEF,145.20499999999998
2019-08-19 15:24:50.369502,ABC,144.915
2019-08-19 15:24:50.369502,DEF,145.20499999999998
2019-08-20 06:26:24.045528,ABC,144.915
2019-08-20 06:26:24.045528,DEF,145.20499999999998
2019-08-21 11:33:43.513404,ABC,144.915
2019-08-21 11:33:43.513404,DEF,145.20499999999998
2019-08-22 13:36:42.052751,ABC,144.915
2019-08-22 13:36:42.052751,DEF,145.20499999999998
2019-08-23 14:26:47.274807,ABC,144.915
2019-08-23 14:26:47.274807,DEF,145.20499999999998
2019-08-24 08:09:27.140593,ABC,144.915
2019-08-24 08:09:27.140593,DEF,145.20499999999998
2019-08-25 01:03:58.839078,ABC,145.24
2019-08-25 01:03:58.839078,DEF,145.20499999999998
2019-08-26 06:55:42.875330,ABC,146.04
2019-08-26 06:55:42.875330,DEF,145.20499999999998
2019-08-27 04:18:34.735112,ABC,146.26999999999998
2019-08-27 04:18:34.735112,DEF,145.20499999999998
2019-08-28 12:50:43.211209,ABC,146.26999999999998
2019-08-28 12:50:43.211209,DEF,145.20499999999998
2019-08-29 03:08:16.625251,ABC,146.26999999999998
2019-08-29 03:08:16.625251,DEF,145.20499999999998
2019-08-29 22:49:26.848892,ABC,146.26999999999998
2019-08-29 22:49:26.848892,DEF,145.20499999999998
2019-08-30 20:00:35.567127,ABC,146.26999999999998
2019-08-30 20:00:35.567127,DEF,145.20499999999998
2019-08-31 17:36:16.521351,ABC,145.505
2019-08-31 17:36:16.521351,DEF,145.20499999999998
2019-09-01 15:28:46.215146,ABC,145.755
2019-09-01 15:28:46.215146,DEF,145.20499999999998
2019-09-02 07:50:13.771205,ABC,147.9
2019-09-02 07:50:13.771205,DEF,145.20499999999998
2019-09-03 04:15:57.504749,ABC,147.9
2019-09-03 04:15:57.504749,DEF,145.20499999999998
2019-09-04 01:13:11.034031,ABC,147.9
2019-09-04 01:13:11.034031,DEF,145.20499999999998
2019-09-05 08:28:40.843427,ABC,147.9
2019-09-05 08:28:40.843427,DEF,145.20499999999998
2019-09-06 00:09:21.303824,ABC,147.9
2019-09-06 00:09:21.303824,DEF,145.20499999999998
2019-09-06 23:34:14.396449,ABC,147.9
2019-09-06 23:34:14.396449,DEF,145.20499999999998
2019-09-08 11:06:15.389266,ABC,147.9
2019-09-08 11:06:15.389266,DEF,145.20499999999998
2019-09-09 19:35:26.920010,ABC,147.9
2019-09-09 19:35:26.920010,DEF,147.83499999999998
2019-09-10 10:26:04.827613,ABC,147.9
2019-09-10 10:26:04.827613,DEF,147.83499999999998
2019-09-11 05:49:42.182254,ABC,147.9
2019-09-11 05:49:42.182254,DEF,147.91
2019-09-11 21:29:59.187137,ABC,147.9
2019-09-11 21:29:59.187137,DEF,147.91
2019-09-12 18:45:19.841229,ABC,147.9
2019-09-12 18:45:19.841229,DEF,147.91
2019-09-14 01:18:03.859110,ABC,147.9
2019-09-14 01:18:03.859110,DEF,148.44
2019-09-14 14:12:32.511221,ABC,147.9
2019-09-14 14:12:32.511221,DEF,148.44
2019-09-15 06:11:50.599202,ABC,147.9
2019-09-15 06:11:50.599202,DEF,148.44
2019-09-16 09:01:46.566870,ABC,147.9
2019-09-16 09:01:46.566870,DEF,148.44
2019-09-17 00:06:34.268150,ABC,147.9
2019-09-17 00:06:34.268150,DEF,148.44
2019-09-17 12:57:50.400888,ABC,147.9
2019-09-17 12:57:50.400888,DEF,148.44
2019-09-19 00:29:35.629326,ABC,147.9
2019-09-19 00:29:35.629326,DEF,148.44
2019-09-20 02:27:57.557369,ABC,147.9
2019-09-20 02:27:57.557369,DEF,148.44
2019-09-20 18:33:03.042245,ABC,147.9
2019-09-20 18:33:03.042245,DEF,148.44
2019-09-21 21:44:57.247947,ABC,148.41500000000002
2019-09-21 21:44:57.247947,DEF,148.56
2019-09-22 14:00:23.051818,ABC,148.41500000000002
2019-09-22 14:00:23.051818,DEF,148.56
2019-09-23 13:59:26.771946,ABC,148.41500000000002
2019-09-23 13:59:26.771946,DEF,148.56
2019-09-24 16:51:55.188192,ABC,148.41500000000002
2019-09-24 16:51:55.188192,DEF,148.56
2019-09-25 12:33:54.085644,ABC,148.41500000000002
2019-09-25 12:33:54.085644,DEF,148.56
2019-09-26 03:23:45.395720,ABC,148.41500000000002
2019-09-26 03:23:45.395720,DEF,148.815
2019-09-27 15:02:34.250253,ABC,148.41500000000002
2019-09-27 15:02:34.250253,DEF,148.815
2019-09-28 07:50:39.400793,ABC,148.41500000000002
2019-09-28 07:50:39.400793,DEF,148.815
2019-09-28 20:18:12.114080,ABC,148.41500000000002
2019-09-28 20:18:12.114080,DEF,149.25
2019-09-30 08:14:21.735486,ABC,148.41500000000002
2019-09-30 08:14:21.735486,DEF,149.25
2019-10-01 10:04:58.584849,ABC,148.41500000000002
2019-10-01 10:04:58.584849,DEF,149.25
2019-10-02 17:33:28.946601,ABC,148.41500000000002
2019-10-02 17:33:28.946601,DEF,149.25
2019-10-03 08:22:49.109896,ABC,148.41500000000002
2019-10-03 08:22:49.109896,DEF,149.25
2019-10-04 02:19:03.981575,ABC,148.41500000000002
2019-10-04 02:19:03.981575,DEF,149.25
2019-10-04 22:28:01.053118,ABC,148.41500000000002
2019-10-04 22:28:01.053118,DEF,149.25
2019-10-05 18:04:33.591615,ABC,148.41500000000002
2019-10-05 18:04:33.591615,DEF,149.25
2019-10-06 19:26:23.168662,ABC,148.41500000000002
2019-10-06 19:26:23.168662,DEF,149.25
2019-10-07 18:06:53.558940,ABC,148.41500000000002
2019-10-07 18:06:53.558940,DEF,149.25
2019-10-09 01:36:46.495874,ABC,148.41500000000002
2019-10-09 01:36:46.495874,DEF,149.25
2019-10-09 21:43:48.406167,ABC,148.41500000000002
2019-10-09 21:43:48.406167,DEF,149.25
2019-10-10 12:24:27.843886,ABC,148.41500000000002
2019-10-10 12:24:27.843886,DEF,149.25
2019-10-11 06:13:53.952253,ABC,148.41500000000002
2019-10-11 06:13:53.952253,DEF,149.25
2019-10-12 04:27:03.315268,ABC,148.41500000000002
2019-10-12 04:27:03.315268,DEF,149.25
2019-10-12 23:03:31.330192,ABC,148.41500000000002
2019-10-12 23:03:31.330192,DEF,149.25
2019-10-13 18:17:22.521683,ABC,149.32
2019-10-13 18:17:22.521683,DEF,149.25
2019-10-14 18:29:25.392694,ABC,149.32
2019-10-14 18:29:25.392694,DEF,149.25
2019-10-15 12:44:40.913731,ABC,149.32
2019-10-15 12:44:40.913731,DEF,149.25
2019-10-16 20:17:38.013756,ABC,149.32
2019-10-16 20:17:38.013756,DEF,149.25
2019-10-18 08:09:57.258085,ABC,149.32
2019-10-18 08:09:57.258085,DEF,149.25
2019-10-19 14:32:12.693153,ABC,149.32
2019-10-19 14:32:12.693153,DEF,149.25
2019-10-20 23:16:06.838369,ABC,149.32
2019-10-20 23:16:06.838369,DEF,149.25
2019-10-22 09:28:36.578717,ABC,149.32
2019-10-22 09:28:36.578717,DEF,149.25
2019-10-23 17:55:58.959351,ABC,149.32
2019-10-23 17:55:58.959351,DEF,149.25
2019-10-24 18:57:31.329529,ABC,149.32
2019-10-24 18:57:31.329529,DEF,149.25
2019-10-26 01:29:00.741244,ABC,149.32
2019-10-26 01:29:00.741244,DEF,149.25
2019-10-27 01:35:34.555412,ABC,149.32
2019-10-27 01:35:34.555412,DEF,149.675
2019-10-28 00:01:44.010975,ABC,149.32
2019-10-28 00:01:44.010975,DEF,149.675
2019-10-28 16:53:02.066552,ABC,149.32
2019-10-28 16:53:02.066552,DEF,149.675
2019-10-29 17:42:42.028127,ABC,149.32
2019-10-29 17:42:42.028127,DEF,149.675
2019-10-30 17:48:59.222056,ABC,149.32
2019-10-30 17:48:59.222056,DEF,149.675
2019-10-31 08:35:32.868524,ABC,149.32
2019-10-31 08:35:32.868524,DEF,149.675
2019-11-01 14:30:42.443700,ABC,149.32
2019-11-01 14:30:42.443700,DEF,149.675
2019-11-02 23:29:13.822874,ABC,148.76
2019-11-02 23:29:13.822874,DEF,149.675
2019-11-04 05:36:02.993955,ABC,148.76
2019-11-04 05:36:02.993955,DEF,149.675
2019-11-05 05:09:40.253337,ABC,148.76
2019-11-05 05:09:40.253337,DEF,149.125
2019-11-06 14:48:18.819584,ABC,148.76
2019-11-06 14:48:18.819584,DEF,149.125
2019-11-07 17:47:12.983357,ABC,148.76
2019-11-07 17:47:12.983357,DEF,149.125
2019-11-08 14:04:39.065372,ABC,148.76
2019-11-08 14:04:39.065372,DEF,149.125
2019-11-09 15:29:32.189657,ABC,148.76
2019-11-09 15:29:32.189657,DEF,149.125
2019-11-10 05:41:56.219594,ABC,148.76
2019-11-10 05:41:56.219594,DEF,149.07999999999998
2019-11-11 09:49:11.996183,ABC,148.76
2019-11-11 09:49:11.996183,DEF,149.005
2019-11-12 01:05:10.275872,ABC,148.76
2019-11-12 01:05:10.275872,DEF,149.005
2019-11-13 10:50:38.029670,ABC,148.365
2019-11-13 10:50:38.029670,DEF,149.005
2019-11-14 09:45:41.737007,ABC,148.365
2019-11-14 09:45:41.737007,DEF,149.005
2019-11-15 00:06:08.241208,ABC,148.365
2019-11-15 00:06:08.241208,DEF,149.005
2019-11-15 20:43:09.222486,ABC,148.365
2019-11-15 20:43:09.222486,DEF,149.005
2019-11-17 06:31:55.039853,ABC,148.61
2019-11-17 06:31:55.039853,DEF,149.005
2019-11-18 06:55:54.768701,ABC,148.61
2019-11-18 06:55:54.768701,DEF,149.005
2019-11-19 09:22:32.240298,ABC,148.61
2019-11-19 09:22:32.240298,DEF,149.005
2019-11-20 01:02:22.919502,ABC,148.61
2019-11-20 01:02:22.919502,DEF,149.005
2019-11-20 15:41:26.888820,ABC,148.61
2019-11-20 15:41:26.888820,DEF,149.005
2019-11-21 19:36:10.749684,ABC,148.61
2019-11-21 19:36:10.749684,DEF,149.005
2019-11-22 08:11:26.109300,ABC,148.61
2019-11-22 08:11:26.109300,DEF,149.005
2019-11-23 19:49:34.205741,ABC,148.61
2019-11-23 19:49:34.205741,DEF,149.005
2019-11-24 21:17:18.866234,ABC,148.26
2019-11-24 21:17:18.866234,DEF,149.005
2019-11-26 09:10:21.660282,ABC,148.26
2019-11-26 09:10:21.660282,DEF,149.005
2019-11-27 16:39:37.034404,ABC,148.26
2019-11-27 16:39:37.034404,DEF,149.005
2019-11-28 17:02:21.368631,ABC,146.725
2019-11-28 17:02:21.368631,DEF,149.005
2019-11-29 17:09:49.667946,ABC,146.725
2019-11-29 17:09:49.667946,DEF,149.005
2019-11-30 09:18:01.408249,ABC,146.725
2019-11-30 09:18:01.408249,DEF,149.005
2019-11-30 23:42:47.021902,ABC,146.725
2019-11-30 23:42:47.021902,DEF,149.005
2019-12-01 19:52:04.607887,ABC,146.63
2019-12-01 19:52:04.607887,DEF,149.005
2019-12-02 14:30:05.809809,ABC,146.63
2019-12-02 14:30:05.809809,DEF,149.005
2019-12-03 21:45:31.828134,ABC,146.63
2019-12-03 21:45:31.828134,DEF,149.005
2019-12-04 21:02:44.850173,ABC,146.63
2019-12-04 21:02:44.850173,DEF,145.73000000000002
2019-12-06 01:08:30.406967,ABC,146.375
2019-12-06 01:08:30.406967,DEF,145.73000000000002
2019-12-07 07:39:33.733221,ABC,146.375
2019-12-07 07:39:33.733221,DEF,145.73000000000002
2019-12-08 09:03:56.908377,ABC,146.375
2019-12-08 09:03:56.908377,DEF,145.73000000000002
2019-12-09 02:49:38.382594,ABC,146.375
2019-12-09 02:49:38.382594,DEF,145.45
2019-12-09 21:22:18.043324,ABC,146.375
2019-12-09 21:22:18.043324,DEF,145.45
2019-12-10 16:11:16.761970,ABC,146.375
2019-12-10 16:11:16.761970,DEF,145.20499999999998
2019-12-11 23:47:12.577798,ABC,146.375
2019-12-11 23:47:12.577798,DEF,145.20499999999998
2019-12-12 17:50:52.701763,ABC,146.375
2019-12-12 17:50:52.701763,DEF,145.06
2019-12-13 14:56:19.751690,ABC,146.375
2019-12-13 14:56:19.751690,DEF,145.06
2019-12-14 22:30:36.236938,ABC,146.375
2019-12-14 22:30:36.236938,DEF,144.69
2019-12-16 09:04:31.226950,ABC,142.775
2019-12-16 09:04:31.226950,DEF,144.69
2019-12-16 21:23:20.385642,ABC,142.775
2019-12-16 21:23:20.385642,DEF,144.69
2019-12-18 08:28:34.654300,ABC,140.765
2019-12-18 08:28:34.654300,DEF,144.69
2019-12-19 10:09:39.714313,ABC,140.765
2019-12-19 10:09:39.714313,DEF,144.69
2019-12-20 01:23:49.253222,ABC,140.765
2019-12-20 01:23:49.253222,DEF,144.22
2019-12-20 19:20:50.625308,ABC,140.765
2019-12-20 19:20:50.625308,DEF,144.22
2019-12-21 19:58:33.851193,ABC,140.765
2019-12-21 19:58:33.851193,DEF,144.22
2019-12-22 17:45:42.102989,ABC,140.765
2019-12-22 17:45:42.102989,DEF,144.22
2019-12-23 12:27:25.503619,ABC,140.81
2019-12-23 12:27:25.503619,DEF,144.22
2019-12-24 03:39:06.646835,ABC,140.81
2019-12-24 03:39:06.646835,DEF,144.22
2019-12-24 21:51:37.386945,ABC,141.785
2019-12-24 21:51:37.386945,DEF,144.22
2019-12-25 18:16:34.089004,ABC,141.785
2019-12-25 18:16:34.089004,DEF,144.22
2019-12-26 09:54:49.794693,ABC,141.785
2019-12-26 09:54:49.794693,DEF,144.22
2019-12-27 20:51:41.328747,ABC,141.785
2019-12-27 20:51:41.328747,DEF,144.22
2019-12-29 03:30:49.915927,ABC,141.785
2019-12-29 03:30:49.915927,DEF,144.22
2019-12-30 15:12:14.623705,ABC,141.785
2019-12-30 15:12:14.623705,DEF,144.22
2019-12-31 05:24:16.245877,ABC,140.57999999999998
2019-12-31 05:24:16.245877,DEF,144.805
2020-01-01 08:04:29.021195,ABC,140.57999999999998
2020-01-01 08:04:29.021195,DEF,144.805
2020-01-02 12:46:11.450500,ABC,140.57999999999998
2020-01-02 12:46:11.450500,DEF,144.565
2020-01-03 13:05:21.728279,ABC,140.57999999999998
2020-01-03 13:05:21.728279,DEF,144.565
2020-01-04 04:27:47.210948,ABC,141.34
2020-01-04 04:27:47.210948,DEF,144.565
2020-01-04 23:58:06.560175,ABC,141.34
2020-01-04 23:58:06.560175,DEF,144.565
2020-01-06 02:36:12.518124,ABC,141.34
2020-01-06 02:36:12.518124,DEF,143.54500000000002
2020-01-07 08:05:32.726370,ABC,141.34
2020-01-07 08:05:32.726370,DEF,142.405
2020-01-08 08:51:51.939638,ABC,141.34
2020-01-08 08:51:51.939638,DEF,142.405
2020-01-09 10:17:04.098355,ABC,141.34
2020-01-09 10:17:04.098355,DEF,143.89499999999998
2020-01-10 07:15:56.001890,ABC,141.34
2020-01-10 07:15:56.001890,DEF,141.125
2020-01-11 10:11:14.093955,ABC,141.34
2020-01-11 10:11:14.093955,DEF,141.125
2020-01-12 02:22:55.497325,ABC,140.42000000000002
2020-01-12 02:22:55.497325,DEF,141.125
2020-01-13 09:39:46.501455,ABC,140.385
2020-01-13 09:39:46.501455,DEF,141.125
2020-01-14 15:45:35.616131,ABC,140.385
2020-01-14 15:45:35.616131,DEF,141.125
2020-01-15 12:13:10.003038,ABC,139.515
2020-01-15 12:13:10.003038,DEF,141.0
2020-01-16 01:59:56.947895,ABC,139.515
2020-01-16 01:59:56.947895,DEF,141.0
2020-01-16 19:43:15.169704,ABC,139.515
2020-01-16 19:43:15.169704,DEF,141.0
2020-01-17 13:21:04.838348,ABC,138.8
2020-01-17 13:21:04.838348,DEF,141.0
2020-01-18 18:01:55.239443,ABC,138.8
2020-01-18 18:01:55.239443,DEF,141.0
2020-01-19 20:07:04.625411,ABC,138.8
2020-01-19 20:07:04.625411,DEF,140.995
2020-01-20 20:48:41.528047,ABC,138.8
2020-01-20 20:48:41.528047,DEF,140.995
2020-01-22 08:42:14.591094,ABC,138.8
2020-01-22 08:42:14.591094,DEF,140.995
2020-01-23 00:10:32.545444,ABC,138.8
2020-01-23 00:10:32.545444,DEF,140.995
2020-01-24 06:58:02.471912,ABC,138.8
2020-01-24 06:58:02.471912,DEF,138.765
2020-01-25 10:18:24.161512,ABC,137.67000000000002
2020-01-25 10:18:24.161512,DEF,139.515
2020-01-26 01:03:22.263458,ABC,137.67000000000002
2020-01-26 01:03:22.263458,DEF,139.515
2020-01-26 19:54:20.806665,ABC,137.67000000000002
2020-01-26 19:54:20.806665,DEF,139.515
2020-01-27 13:45:21.370554,ABC,137.625
2020-01-27 13:45:21.370554,DEF,139.515
2020-01-28 09:11:15.014497,ABC,137.625
2020-01-28 09:11:15.014497,DEF,139.515
2020-01-29 02:13:54.438680,ABC,137.555
2020-01-29 02:13:54.438680,DEF,137.76999999999998
2020-01-29 16:17:59.039199,ABC,137.555
2020-01-29 16:17:59.039199,DEF,137.76999999999998
2020-01-30 06:55:11.158342,ABC,137.555
2020-01-30 06:55:11.158342,DEF,137.76999999999998
2020-01-31 09:58:41.350958,ABC,137.555
2020-01-31 09:58:41.350958,DEF,136.61
2020-02-01 00:16:21.526178,ABC,137.555
2020-02-01 00:16:21.526178,DEF,137.60500000000002
2020-02-02 10:47:47.420986,ABC,137.555
2020-02-02 10:47:47.420986,DEF,137.60500000000002
2020-02-03 15:44:39.119071,ABC,137.29500000000002
2020-02-03 15:44:39.119071,DEF,137.60500000000002
2020-02-05 02:42:10.805304,ABC,137.29500000000002
2020-02-05 02:42:10.805304,DEF,137.60500000000002
2020-02-06 14:21:58.289290,ABC,137.29500000000002
2020-02-06 14:21:58.289290,DEF,136.35000000000002
2020-02-07 12:49:34.448742,ABC,137.29500000000002
2020-02-07 12:49:34.448742,DEF,136.35000000000002
2020-02-08 09:41:01.922889,ABC,137.29500000000002
2020-02-08 09:41:01.922889,DEF,135.89
2020-02-09 10:13:39.403488,ABC,137.29500000000002
2020-02-09 10:13:39.403488,DEF,135.89
2020-02-10 15:00:31.236576,ABC,137.29500000000002
2020-02-10 15:00:31.236576,DEF,135.89
2020-02-12 02:34:31.050450,ABC,137.29500000000002
2020-02-12 02:34:31.050450,DEF,135.54500000000002
2020-02-12 23:31:02.390711,ABC,136.875
2020-02-12 23:31:02.390711,DEF,135.54500000000002
2020-02-14 09:30:31.089353,ABC,136.875
2020-02-14 09:30:31.089353,DEF,135.54500000000002
2020-02-15 15:14:35.824625,ABC,136.875
2020-02-15 15:14:35.824625,DEF,135.54500000000002
2020-02-16 11:04:35.961514,ABC,136.875
2020-02-16 11:04:35.961514,DEF,135.54500000000002
2020-02-17 00:52:38.644194,ABC,134.685
2020-02-17 00:52:38.644194,DEF,135.36
2020-02-18 11:50:41.867743,ABC,134.685
2020-02-18 11:50:41.867743,DEF,135.36
2020-02-19 22:25:06.079293,ABC,132.76999999999998
2020-02-19 22:25:06.079293,DEF,135.36
2020-02-21 06:55:17.916969,ABC,132.76999999999998
2020-02-21 06:55:17.916969,DEF,135.36
2020-02-22 17:49:26.163364,ABC,132.76999999999998
2020-02-22 17:49:26.163364,DEF,135.065
2020-02-24 01:56:34.331627,ABC,132.52499999999998
2020-02-24 01:56:34.331627,DEF,135.36
2020-02-24 17:26:58.439144,ABC,132.52499999999998
2020-02-24 17:26:58.439144,DEF,135.36
2020-02-25 19:34:59.675583,ABC,130.635
2020-02-25 19:34:59.675583,DEF,135.36
2020-02-26 09:35:59.962100,ABC,130.635
2020-02-26 09:35:59.962100,DEF,135.36
2020-02-27 01:52:29.043564,ABC,130.53
2020-02-27 01:52:29.043564,DEF,135.36
2020-02-28 12:08:41.913198,ABC,130.53
2020-02-28 12:08:41.913198,DEF,135.36
2020-02-29 01:29:41.072469,ABC,130.41
2020-02-29 01:29:41.072469,DEF,135.36
2020-02-29 15:37:48.012903,ABC,130.32
2020-02-29 15:37:48.012903,DEF,135.36
2020-03-01 21:09:00.300707,ABC,130.32
2020-03-01 21:09:00.300707,DEF,135.36
2020-03-03 04:12:03.468618,ABC,130.32
2020-03-03 04:12:03.468618,DEF,135.36
2020-03-04 00:42:28.369708,ABC,130.32
2020-03-04 00:42:28.369708,DEF,134.66
2020-03-05 03:10:39.370586,ABC,130.19
2020-03-05 03:10:39.370586,DEF,134.66
2020-03-06 04:03:36.779682,ABC,130.19
2020-03-06 04:03:36.779682,DEF,134.66
2020-03-07 03:31:41.510136,ABC,129.64499999999998
2020-03-07 03:31:41.510136,DEF,134.62
2020-03-08 12:58:41.185930,ABC,129.64499999999998
2020-03-08 12:58:41.185930,DEF,134.62
2020-03-09 08:26:06.981541,ABC,129.64499999999998
2020-03-09 08:26:06.981541,DEF,134.62
2020-03-09 21:00:34.331684,ABC,129.64499999999998
2020-03-09 21:00:34.331684,DEF,133.6
2020-03-11 04:30:04.854084,ABC,129.29000000000002
2020-03-11 04:30:04.854084,DEF,133.6
2020-03-12 15:20:51.780073,ABC,129.29000000000002
2020-03-12 15:20:51.780073,DEF,133.6
2020-03-14 00:40:58.009144,ABC,129.29000000000002
2020-03-14 00:40:58.009144,DEF,133.6
2020-03-14 23:33:04.119272,ABC,129.29000000000002
2020-03-14 23:33:04.119272,DEF,133.6
2020-03-16 07:34:10.008498,ABC,129.465
2020-03-16 07:34:10.008498,DEF,133.6
2020-03-17 07:11:32.059053,ABC,129.465
2020-03-17 07:11:32.059053,DEF,133.6
2020-03-17 20:09:22.608194,ABC,129.465
2020-03-17 20:09:22.608194,DEF,132.875
2020-03-18 23:36:19.021289,ABC,129.465
2020-03-18 23:36:19.021289,DEF,132.875
2020-03-20 00:29:11.037802,ABC,129.465
2020-03-20 00:29:11.037802,DEF,132.875
2020-03-21 09:21:21.516028,ABC,129.465
2020-03-21 09:21:21.516028,DEF,131.815
2020-03-22 05:29:39.016806,ABC,129.465
2020-03-22 05:29:39.016806,DEF,130.79500000000002
2020-03-23 02:40:51.381952,ABC,129.465
2020-03-23 02:40:51.381952,DEF,130.79500000000002
2020-03-24 10:29:27.218283,ABC,129.465
2020-03-24 10:29:27.218283,DEF,130.79500000000002
2020-03-25 17:15:21.024745,ABC,129.465
2020-03-25 17:15:21.024745,DEF,130.79500000000002
2020-03-26 13:27:26.159282,ABC,129.465
2020-03-26 13:27:26.159282,DEF,130.79500000000002
2020-03-27 05:37:03.044155,ABC,129.465
2020-03-27 05:37:03.044155,DEF,130.79500000000002
2020-03-28 00:11:34.621312,ABC,129.465
2020-03-28 00:11:34.621312,DEF,130.79500000000002
2020-03-28 22:58:01.566486,ABC,129.465
2020-03-28 22:58:01.566486,DEF,130.79500000000002
2020-03-29 11:31:21.108673,ABC,129.465
2020-03-29 11:31:21.108673,DEF,130.79500000000002
2020-03-30 15:28:34.890661,ABC,129.465
2020-03-30 15:28:34.890661,DEF,131.025
2020-03-31 10:31:27.569305,ABC,129.465
2020-03-31 10:31:27.569305,DEF,132.14
2020-04-01 12:59:01.241598,ABC,129.465
2020-04-01 12:59:01.241598,DEF,132.14
2020-04-02 04:57:58.635332,ABC,129.465
2020-04-02 04:57:58.635332,DEF,132.14
2020-04-03 03:15:28.379371,ABC,129.465
2020-04-03 03:15:28.379371,DEF,132.14
2020-04-04 05:08:35.647714,ABC,129.465
2020-04-04 05:08:35.647714,DEF,132.14
2020-04-05 09:15:37.375667,ABC,129.885
2020-04-05 09:15:37.375667,DEF,132.565
2020-04-06 18:19:02.399983,ABC,129.885
2020-04-06 18:19:02.399983,DEF,132.565
2020-04-08 04:20:34.768440,ABC,130.01
2020-04-08 04:20:34.768440,DEF,132.565
2020-04-08 19:38:15.511325,ABC,131.32999999999998
2020-04-08 19:38:15.511325,DEF,132.565
2020-04-10 00:24:24.801399,ABC,132.43
2020-04-10 00:24:24.801399,DEF,132.565
2020-04-11 10:23:32.618744,ABC,132.43
2020-04-11 10:23:32.618744,DEF,132.565
2020-04-12 05:19:07.041174,ABC,132.43
2020-04-12 05:19:07.041174,DEF,132.565
2020-04-13 04:54:00.768030,ABC,132.43
2020-04-13 04:54:00.768030,DEF,132.565
2020-04-14 09:22:22.459286,ABC,132.43
2020-04-14 09:22:22.459286,DEF,132.565
2020-04-15 03:05:33.726289,ABC,132.43
2020-04-15 03:05:33.726289,DEF,132.565
2020-04-16 12:56:06.764705,ABC,132.43
2020-04-16 12:56:06.764705,DEF,132.565
2020-04-17 18:39:24.973103,ABC,132.43
2020-04-17 18:39:24.973103,DEF,132.565
2020-04-18 12:45:40.498632,ABC,133.64
2020-04-18 12:45:40.498632,DEF,132.565
2020-04-19 07:36:49.380143,ABC,133.64
2020-04-19 07:36:49.380143,DEF,132.565
2020-04-20 17:56:20.486915,ABC,133.64
2020-04-20 17:56:20.486915,DEF,132.65
2020-04-22 02:44:51.145294,ABC,133.64
2020-04-22 02:44:51.145294,DEF,132.65
2020-04-23 13:56:16.670102,ABC,133.64
2020-04-23 13:56:16.670102,DEF,132.565
2020-04-24 11:12:57.815497,ABC,133.64
2020-04-24 11:12:57.815497,DEF,132.565
2020-04-25 20:35:09.542041,ABC,133.64
2020-04-25 20:35:09.542041,DEF,132.32999999999998
2020-04-27 02:43:01.117950,ABC,133.64
2020-04-27 02:43:01.117950,DEF,132.32999999999998
2020-04-27 23:16:43.445135,ABC,133.64
2020-04-27 23:16:43.445135,DEF,132.32999999999998
2020-04-29 04:23:39.644623,ABC,133.64
2020-04-29 04:23:39.644623,DEF,132.32999999999998
2020-04-30 16:15:03.635462,ABC,133.64
2020-04-30 16:15:03.635462,DEF,132.32999999999998
2020-05-01 22:09:10.825776,ABC,133.64
2020-05-01 22:09:10.825776,DEF,132.32999999999998
2020-05-03 02:23:29.164802,ABC,133.64
2020-05-03 02:23:29.164802,DEF,132.275
2020-05-04 09:53:36.153276,ABC,133.64
2020-05-04 09:53:36.153276,DEF,134.395
2020-05-04 22:50:11.825373,ABC,133.64
2020-05-04 22:50:11.825373,DEF,133.41500000000002
2020-05-05 11:33:12.130632,ABC,133.64
2020-05-05 11:33:12.130632,DEF,133.41500000000002
2020-05-06 06:35:58.523532,ABC,133.175
2020-05-06 06:35:58.523532,DEF,132.66000000000003
2020-05-06 23:48:11.020231,ABC,132.66
2020-05-06 23:48:11.020231,DEF,132.66000000000003
2020-05-07 15:51:48.138843,ABC,132.66
2020-05-07 15:51:48.138843,DEF,132.66000000000003
2020-05-09 00:05:05.054775,ABC,132.66
2020-05-09 00:05:05.054775,DEF,133.26999999999998
2020-05-10 05:46:12.550763,ABC,132.66
2020-05-10 05:46:12.550763,DEF,133.26999999999998
2020-05-11 05:58:56.886138,ABC,132.66
2020-05-11 05:58:56.886138,DEF,132.8
2020-05-12 06:26:15.881957,ABC,132.66
2020-05-12 06:26:15.881957,DEF,132.8
2020-05-13 12:22:02.086260,ABC,132.66
2020-05-13 12:22:02.086260,DEF,132.515
2020-05-14 09:24:22.490910,ABC,132.66
2020-05-14 09:24:22.490910,DEF,132.515
2020-05-15 01:27:23.687095,ABC,132.66
2020-05-15 01:27:23.687095,DEF,132.515
2020-05-16 00:35:52.237621,ABC,131.94
2020-05-16 00:35:52.237621,DEF,133.175
2020-05-16 21:09:31.958083,ABC,132.06
2020-05-16 21:09:31.958083,DEF,133.175
2020-05-18 02:02:12.578094,ABC,132.06
2020-05-18 02:02:12.578094,DEF,133.175
2020-05-19 11:03:28.420471,ABC,131.885
2020-05-19 11:03:28.420471,DEF,132.42000000000002
2020-05-20 04:29:58.027985,ABC,131.885
2020-05-20 04:29:58.027985,DEF,132.42000000000002
2020-05-21 00:51:46.480736,ABC,131.885
2020-05-21 00:51:46.480736,DEF,132.42000000000002
2020-05-21 13:23:46.499756,ABC,131.885
2020-05-21 13:23:46.499756,DEF,131.495
2020-05-22 22:31:10.926553,ABC,131.695
2020-05-22 22:31:10.926553,DEF,128.77
2020-05-23 10:37:29.632318,ABC,129.63
2020-05-23 10:37:29.632318,DEF,128.77
2020-05-24 01:14:47.139924,ABC,129.63
2020-05-24 01:14:47.139924,DEF,128.77
2020-05-24 18:13:36.395073,ABC,130.72
2020-05-24 18:13:36.395073,DEF,128.375
2020-05-26 03:27:18.013193,ABC,130.72
2020-05-26 03:27:18.013193,DEF,128.375
2020-05-27 10:44:33.327606,ABC,129.265
2020-05-27 10:44:33.327606,DEF,128.375
2020-05-28 11:44:38.296613,ABC,129.265
2020-05-28 11:44:38.296613,DEF,128.375
2020-05-29 01:20:59.840169,ABC,129.265
2020-05-29 01:20:59.840169,DEF,128.375
2020-05-30 10:33:20.418294,ABC,129.265
2020-05-30 10:33:20.418294,DEF,128.375
2020-05-31 07:32:30.776366,ABC,129.225
2020-05-31 07:32:30.776366,DEF,128.375
2020-06-01 17:06:11.636984,ABC,129.225
2020-06-01 17:06:11.636984,DEF,128.375
2020-06-03 02:06:48.052171,ABC,129.14499999999998
2020-06-03 02:06:48.052171,DEF,126.69
2020-06-03 14:33:59.200641,ABC,129.14499999999998
2020-06-03 14:33:59.200641,DEF,126.69
2020-06-04 03:12:28.830566,ABC,128.215
2020-06-04 03:12:28.830566,DEF,126.69
2020-06-04 18:13:36.423394,ABC,128.215
2020-06-04 18:13:36.423394,DEF,126.69
2020-06-05 22:55:50.922403,ABC,128.215
2020-06-05 22:55:50.922403,DEF,126.695
2020-06-07 02:07:11.492616,ABC,128.215
2020-06-07 02:07:11.492616,DEF,126.695
2020-06-07 22:21:24.979990,ABC,128.215
2020-06-07 22:21:24.979990,DEF,126.695
2020-06-09 00:33:24.992573,ABC,128.215
2020-06-09 00:33:24.992573,DEF,126.695
2020-06-10 11:16:06.163047,ABC,128.215
2020-06-10 11:16:06.163047,DEF,126.695
2020-06-11 01:51:11.849586,ABC,128.215
2020-06-11 01:51:11.849586,DEF,126.58500000000001
2020-06-12 03:14:05.139082,ABC,128.215
2020-06-12 03:14:05.139082,DEF,124.72999999999999
2020-06-12 18:29:06.953386,ABC,128.215
2020-06-12 18:29:06.953386,DEF,124.72999999999999
2020-06-13 23:33:06.542991,ABC,128.215
2020-06-13 23:33:06.542991,DEF,124.72999999999999
2020-06-14 21:56:04.049079,ABC,128.215
2020-06-14 21:56:04.049079,DEF,124.72999999999999
2020-06-16 03:55:18.999235,ABC,128.215
2020-06-16 03:55:18.999235,DEF,124.72999999999999
2020-06-17 07:05:15.793769,ABC,128.215
2020-06-17 07:05:15.793769,DEF,124.72999999999999
2020-06-18 04:30:08.270672,ABC,126.32
2020-06-18 04:30:08.270672,DEF,124.905
